<?xml version="1.0"?>
<manifest identifier="SingleLocalSCO_MultAssetManifest" version="1.1"
          xmlns="http://www.imsproject.org/xsd/imscp_rootv1p1p2"
          xmlns:adlcp="http://www.adlnet.org/xsd/adlcp_rootv1p2"
          xmlns:xsi="http://www.w3.org/2001/XMLSchema-instance"
          xsi:schemaLocation="http://www.imsproject.org/xsd/imscp_rootv1p1p2 imscp_rootv1p1p2.xsd
                              http://www.adlnet.org/xsd/adlcp_rootv1p2 adlcp_rootv1p2.xsd">

   <organizations/>

   <resources>
    
      <!-- SCO Resource -->
      <resource identifier="R_A1" type="webcontent"
        adlcp:scormtype="sco" href="sco06.htm">

         <!-- Context independent SCO Meta-data describing the SCO -->
         <metadata>
            <schema>ADL SCORM</schema>
            <schemaversion>1.2</schemaversion>
            <adlcp:location>sco06.xml</adlcp:location>
         </metadata>

         <file href="sco06.htm" />

     <!-- Multiple Assets that the SCO is dependent on -->
         <dependency identifierref="R_A4" />
         <dependency identifierref="R_A5" />
         <dependency identifierref="R_A6" />
         <dependency identifierref="R_A7" />
      </resource>

      <!-- Asset -->
      <resource identifier="R_A4" type="webcontent"
        adlcp:scormtype="asset" href="pics/distress_sigs.jpg">

     <!-- Context independent Asset Meta-data describing the Asset -->
         <metadata>
            <schema>ADL SCORM</schema>
            <schemaversion>1.2</schemaversion>
            <adlcp:location>pics/distress_sigs.xml</adlcp:location>
         </metadata>
         <file href="pics/distress_sigs.jpg" />
      </resource>

      <!-- Asset -->
      <resource identifier="R_A5" type="webcontent"
        adlcp:scormtype="asset" href="pics/distress_sigs_add.jpg">

     <!-- Context independent Asset Meta-data describing the Asset -->
         <metadata>
            <schema>ADL SCORM</schema>
            <schemaversion>1.2</schemaversion>
            <adlcp:location>pics/distress_sigs_add.xml</adlcp:location>
         </metadata>
         <file href="pics/distress_sigs_add.jpg" />
      </resource>

      <!-- Asset -->
      <resource identifier="R_A6" type="webcontent"
        adlcp:scormtype="asset" href="pics/nav_aids.jpg">

     <!-- Context independent Asset Meta-data describing the Asset -->
         <metadata>
            <schema>ADL SCORM</schema>
            <schemaversion>1.2</schemaversion>
            <adlcp:location>pics/nav_aids.xml</adlcp:location>
         </metadata>
         <file href="pics/nav_aids.jpg" />
      </resource>

      <resource identifier="R_A7" type="webcontent" adlcp:scormtype="asset">
         <file href="scripts/APIWrapper.js"/>
         <file href="scripts/AUFunctions.js"/>
      </resource>

   </resources>
</manifest>
