<?xml version="1.0"?>
<manifest identifier="SingleExternalSCOManifest" version="1.1"
          xmlns="http://www.imsproject.org/xsd/imscp_rootv1p1p2"
          xmlns:adlcp="http://www.adlnet.org/xsd/adlcp_rootv1p2"
          xmlns:xsi="http://www.w3.org/2001/XMLSchema-instance"
          xsi:schemaLocation="http://www.imsproject.org/xsd/imscp_rootv1p1p2 imscp_rootv1p1p2.xsd
                              http://www.adlnet.org/xsd/adlcp_rootv1p2 adlcp_rootv1p2.xsd">

   <organizations/>

   <resources>
      <!-- Resource DOES NOT exist at URL referenced in href -->
      <!-- Demonstration purpose only                        -->
      <resource identifier="R_A1" type="webcontent"
        adlcp:scormtype="sco" href="http://www.adlnet.org/samples/sco06.html">
         <metadata>
            <schema>ADL SCORM</schema>
            <schemaversion>1.2</schemaversion>
            <!-- Metadata DOES NOT exist at URL referenced in href -->
            <!-- Demonstration purpose only                        -->
            <adlcp:location>http://www.adlnet.org/samples/sco06.xml</adlcp:location>
         </metadata>
      </resource>
   </resources>
</manifest>
