<?xml version="1.0"?>
<manifest identifier="MultipleSCOManifest" version="1.1"
          xmlns="http://www.imsproject.org/xsd/imscp_rootv1p1p2"
          xmlns:adlcp="http://www.adlnet.org/xsd/adlcp_rootv1p2"
          xmlns:xsi="http://www.w3.org/2001/XMLSchema-instance"
          xsi:schemaLocation="http://www.imsproject.org/xsd/imscp_rootv1p1p2 imscp_rootv1p1p2.xsd
                              http://www.imsglobal.org/xsd/imsmd_rootv1p2p1 imsmd_rootv1p2p1.xsd
                              http://www.adlnet.org/xsd/adlcp_rootv1p2 adlcp_rootv1p2.xsd">
   <organizations/>

   <resources>

      <resource identifier="R_A1" type="webcontent"
        adlcp:scormtype="sco" href="scos/sco01.htm">
         <metadata>
            <schema>ADL SCORM</schema>
            <schemaversion>1.2</schemaversion>
            <lom xmlns="http://www.imsglobal.org/xsd/imsmd_rootv1p2p1">
               <general>
                  <title>
                     <langstring>Conduct of Vessels in any Condition of Visibility</langstring>
                  </title>
                  <catalogentry>
                     <catalog>ADL Course Catalogue ID</catalog>
                     <entry>
                        <langstring>1000-01-01</langstring>
                     </entry>
                  </catalogentry>
                  <language>en-US</language>
                  <description>
                     <langstring>Discusses general rules of operation for vessels on inland waters.  Topics discussed include: Look-out, Safe Speed, Collision, Channels, Traffic Separation.</langstring>
                  </description>
                  <keyword>
                     <langstring>Vessel</langstring>
                  </keyword>
                  <keyword>
                     <langstring>Any Visibility</langstring>
                  </keyword>
                  <keyword>
                     <langstring>Look-out</langstring>
                  </keyword>
                  <keyword>
                     <langstring>Safe Speed</langstring>
                  </keyword>
                  <keyword>
                     <langstring>Collision</langstring>
                  </keyword>
                  <keyword>
                     <langstring>Channels</langstring>
                  </keyword>
                  <keyword>
                     <langstring>Traffic Separation</langstring>
                  </keyword>
               </general>
               <lifecycle>
                  <version>
                     <langstring>1.1</langstring>
                  </version>
                  <status>
                     <source>
                        <langstring xml:lang="x-none">LOMv1.0</langstring>
                     </source>
                     <value>
                        <langstring xml:lang="x-none">Final</langstring>
                     </value>
                  </status>
                  <contribute>
                     <role>
                        <source>
                           <langstring xml:lang="x-none">LOMv1.0</langstring>
                        </source>
                        <value>
                           <langstring xml:lang="x-none">Author</langstring>
                        </value>
                     </role>
                     <centity>
                        <vcard>BEGIN:vCard ORG:ADL Co-Lab END:vCard</vcard>
                     </centity>
                     <date>
                        <datetime>2000-01-28</datetime>
                     </date>
                  </contribute>
               </lifecycle>
               <metametadata>
                  <metadatascheme>ADL SCORM 1.2</metadatascheme>
                  <language>en-US</language>
               </metametadata>
               <technical>
                  <format>text/html</format>
                  <size>14368</size>
                  <location type="URI">scos/sco01.htm</location>
                  <requirement>
                     <type>
                        <source>
                           <langstring xml:lang="x-none">LOMv1.0</langstring>
                        </source>
                        <value>
                           <langstring xml:lang="x-none">Browser</langstring>
                        </value>
                     </type>
                     <name>
                        <source>
                           <langstring xml:lang="x-none">LOMv1.0</langstring>
                        </source>
                        <value>
                           <langstring xml:lang="x-none">Microsoft Internet Explorer</langstring>
                        </value>
                     </name>
                     <minimumversion>5.0</minimumversion>
                  </requirement>
               </technical>
               <educational>
                  <learningresourcetype>
                     <source>
                        <langstring xml:lang="x-none">LOMv1.0</langstring>
                     </source>
                     <value>
                        <langstring xml:lang="x-none">Narrative Text</langstring>
                     </value>
                  </learningresourcetype>
                  <typicallearningtime>
                     <datetime>00:05:00</datetime>
                  </typicallearningtime>
               </educational>
               <rights>
                  <cost>
                     <source>
                        <langstring xml:lang="x-none">LOMv1.0</langstring>
                     </source>
                     <value>
                        <langstring xml:lang="x-none">no</langstring>
                     </value>
                  </cost>
                  <copyrightandotherrestrictions>
                     <source>
                        <langstring xml:lang="x-none">LOMv1.0</langstring>
                     </source>
                     <value>
                        <langstring xml:lang="x-none">no</langstring>
                     </value>
                  </copyrightandotherrestrictions>
                  <description>
                     <langstring>Provided as-is; only to be used as an example.</langstring>
                  </description>
               </rights>
               <classification>
                  <purpose>
                     <source>
                        <langstring xml:lang="x-none">LOMv1.0</langstring>
                     </source>
                     <value>
                        <langstring xml:lang="x-none">Educational Objective</langstring>
                     </value>
                  </purpose>
                  <description>
                     <langstring>This Sharable Content Object will give the student a basic understanding of the conduct of vessels in any condition of visibility.</langstring>
                  </description>
                  <keyword>
                     <langstring>Maritime Navigation</langstring>
                  </keyword>
                  <keyword>
                     <langstring>Vessel Conduct</langstring>
                  </keyword>
               </classification>
            </lom>
         </metadata>
         <file href="scos/sco01.htm" />
         <dependency identifierref="R_A2" />
      </resource>

      <resource identifier="R_A2" type="webcontent" adlcp:scormtype="asset">
         <file href="scos/APIWrapper.js" />
         <file href="scos/SCOFunctions.js" />
      </resource>

      <resource identifier="R_A3" type="webcontent"
        adlcp:scormtype="sco" href="scos/sco07.htm">
         <metadata>
            <schema>ADL SCORM</schema>
            <schemaversion>1.2</schemaversion>
            <adlcp:location>scos/sco07.xml</adlcp:location>
         </metadata>
         <file href="scos/sco07.htm" />
         <dependency identifierref="R_A2"/>
      </resource>

      <resource identifier="R_A4" type="webcontent"
        adlcp:scormtype="sco" href="scos/sco02.htm">
         <metadata>
            <schema>ADL SCORM</schema>
            <schemaversion>1.2</schemaversion>
            <adlcp:location>scos/sco02.xml</adlcp:location>
         </metadata>
         <file href="scos/sco02.htm" />
         <file href="scos/sco02.aam" />
         <file href="scos/sc020000.aas" />
         <file href="scos/sc020001.aas" />
         <file href="scos/winapi.u32" />
         <file href="scos/winapi.ucd" />
         <dependency identifierref="R_A2"/>
      </resource>

   </resources>
</manifest>
