<?xml version="1.0" standalone="no" ?>
<manifest identifier="eLc_Completes_On_All_Pages_Visited" version="1.3" xmlns="http://www.imsglobal.org/xsd/imscp_v1p1"
	xmlns:adlcp="http://www.adlnet.org/xsd/adlcp_v1p3" xmlns:adlseq="http://www.adlnet.org/xsd/adlseq_v1p3"
	xmlns:adlnav="http://www.adlnet.org/xsd/adlnav_v1p3" xmlns:imsss="http://www.imsglobal.org/xsd/imsss"
	xmlns:xsi="http://www.w3.org/2001/XMLSchema-instance" xsi:schemaLocation="http://www.imsglobal.org/xsd/imscp_v1p1 imscp_v1p1.xsd
                        http://www.adlnet.org/xsd/adlcp_v1p3 adlcp_v1p3.xsd
                        http://www.adlnet.org/xsd/adlseq_v1p3 adlseq_v1p3.xsd
                        http://www.adlnet.org/xsd/adlnav_v1p3 adlnav_v1p3.xsd
                        http://www.imsglobal.org/xsd/imsss imsss_v1p0.xsd">
	<metadata>
		<schema>ADL SCORM</schema>
		<schemaversion>CAM 1.3</schemaversion>
		<adlcp:location>metadata.xml</adlcp:location>
	</metadata>
	<organizations default="eLc_Completes_On_All_Pages_Visited_ORG">
		<organization identifier="eLc_Completes_On_All_Pages_Visited_ORG" adlseq:objectivesGlobalToSystem="false">
			<title>eLc Completes On All Pages Visited</title>
			<item identifier="eLc_Completes_On_All_Pages_Visited_SCO" identifierref="Articulate_Presenter_RES" isvisible="true">
				<title>eLc Completes On All Pages Visited</title>
				
					
					
				
			</item>
			<metadata>
				<adlcp:location>metadata.xml</adlcp:location>
			</metadata>			
			<imsss:sequencing>
				<imsss:controlMode choice="true" flow="true" />
				
			</imsss:sequencing>
		</organization>
	</organizations>
	<resources>
		<resource identifier="Articulate_Presenter_RES" type="webcontent" adlcp:scormType="sco" href="index_lms.html">
			<file href="player.html"/>

<file href="player/annotations.swf"/>
<file href="player/art_plugins.xml"/>
<file href="player/ast_alert.swf"/>
<file href="player/ast_loader.swf"/>
<file href="player/ast_navicons.swf"/>
<file href="player/ast_notes.swf"/>
<file href="player/ast_remote.swf"/>
<file href="player/ast_vidpresenter.swf"/>
<file href="player/attach.html"/>
<file href="player/blank.html"/>
<file href="player/button.gif"/>
<file href="player/flashcommand.js"/>
<file href="player/mod_colorizer.swf"/>
<file href="player/mod_colorizer_lib.swf"/>
<file href="player/mod_engage.swf"/>
<file href="player/mod_exit.swf"/>
<file href="player/mod_quiz.swf"/>
<file href="player/null.swf"/>
<file href="player/PassVar.swf"/>
<file href="player/playershell.swf"/>
<file href="player/slidegroup.swf"/>
<file href="player/stealthray.swf"/>
<file href="player/utils.js"/>
<file href="player/VideoPlayer.html"/>
<file href="player/VideoPlayer.swf"/>
<file href="player/zoom.html"/>
<file href="data/playerproperties.xml"/>
<file href="data/presentation.xml"/>
<file href="data/swf/bgd1l1.swf"/>
<file href="data/swf/bgd1l2.swf"/>
<file href="data/swf/slide1.swf"/>
<file href="data/swf/slide2.swf"/>
<file href="data/swf/slide3.swf"/>
<file href="data/swf/slide4.swf"/>
<file href="data/swf/tb1.swf"/>
<file href="data/swf/tb2.swf"/>
<file href="data/swf/tb3.swf"/>
<file href="data/swf/tb4.swf"/>
<file href="data/swf/notes/notesbig1.swf"/>
<file href="data/swf/notes/notesbig2.swf"/>
<file href="data/swf/notes/notessmall1.swf"/>
<file href="data/swf/notes/notessmall2.swf"/>
<file href="data/swf/quizmaker_258/integration.xml"/>
<file href="data/swf/quizmaker_258/quiz.swf"/>
<file href="data/swf/quizmaker_258/quiz_content/data.swf"/>
<file href="data/swf/quizmaker_258/quiz_content/Slide455eeb96-9383-4b6a-b6df-c0d159c18054.swf"/>
<file href="data/swf/quizmaker_258/quiz_content/_ButtonClick.mp3"/>
<file href="data/swf/quizmaker_258/quiz_content/_ButtonHover.mp3"/>
<file href="data/swf/quizmaker_258/quiz_content/_ControlClick.mp3"/>
<file href="data/swf/quizmaker_258/quiz_content/_WindowClose.mp3"/>
<file href="data/swf/quizmaker_258/quiz_content/_WindowOpen.mp3"/>
<file href="lms/SCORMDiscovery.js"/>
<file href="index_lms.html"/>
<file href="lms/AICCComm.html"/>
<file href="lms/AICCFunctions.js"/>
<file href="lms/API.js"/>
<file href="lms/APIConstants.js"/>
<file href="lms/blank.html"/>
<file href="lms/browsersniff.js"/>
<file href="lms/Configuration.js"/>
<file href="lms/goodbye.html"/>
<file href="lms/lms.js"/>
<file href="lms/LMSAPI.js"/>
<file href="lms/NONEFunctions.js"/>
<file href="lms/SCORM2004Functions.js"/>
<file href="lms/SCORMFunctions.js"/>
<file href="lms/UtilityFunctions.js"/>

		</resource>
	</resources>
</manifest>
