<?xml version="1.0"?>
<manifest identifier="SingleSharableResourceManifest" version="1.1"
          xmlns="http://www.imsproject.org/xsd/imscp_rootv1p1p2" 
          xmlns:adlcp="http://www.adlnet.org/xsd/adlcp_rootv1p2"
          xmlns:xsi="http://www.w3.org/2001/XMLSchema-instance" 
          xsi:schemaLocation="http://www.imsproject.org/xsd/imscp_rootv1p1p2 imscp_rootv1p1p2.xsd 
                              http://www.imsglobal.org/xsd/imsmd_rootv1p2p1 imsmd_rootv1p2p1.xsd 
                              http://www.adlnet.org/xsd/adlcp_rootv1p2 adlcp_rootv1p2.xsd">

   <organizations/>

   <resources>
      <resource identifier="R_A1" type="webcontent" 
		adlcp:scormtype="asset" href="assets/aground.jpg">

         <!-- This meta-data is context independent Asset Meta-data -->
         <!-- This meta-data describes the resource (asset).        -->
         <metadata>
            <schema>ADL SCORM</schema>
            <schemaversion>1.2</schemaversion> 
            <adlcp:location>assets/aground.xml</adlcp:location>
         </metadata>		
         <file href="assets/aground.jpg"/>
      </resource>
   </resources>
</manifest>
