<?xml version="1.0"?>
<manifest identifier="MultipleAssetsManifest" version="1.1"
          xmlns="http://www.imsproject.org/xsd/imscp_rootv1p1p2"
          xmlns:adlcp="http://www.adlnet.org/xsd/adlcp_rootv1p2"
          xmlns:xsi="http://www.w3.org/2001/XMLSchema-instance"
          xsi:schemaLocation="http://www.imsproject.org/xsd/imscp_rootv1p1p2 imscp_rootv1p1p2.xsd
                              http://www.imsglobal.org/xsd/imsmd_rootv1p2p1 imsmd_rootv1p2p1.xsd
                              http://www.adlnet.org/xsd/adlcp_rootv1p2 adlcp_rootv1p2.xsd">

   <organizations/>

   <resources>

      <resource identifier="R_A1" type="webcontent"
        adlcp:scormtype="asset" href="assets/aground.jpg">
         <metadata>
            <schema>ADL SCORM</schema>
            <schemaversion>1.2</schemaversion>
            <adlcp:location>assets/aground.xml</adlcp:location>
         </metadata>
         <file href="assets/aground.jpg" />
      </resource>

      <resource identifier="R_A2" type="webcontent"
        adlcp:scormtype="asset" href="assets/aground.jpg">
         <metadata>
            <schema>ADL SCORM</schema>
            <schemaversion>1.2</schemaversion>
            <adlcp:location>assets/anchored.xml</adlcp:location>
         </metadata>
         <file href="assets/anchored.jpg" />
      </resource>

      <resource identifier="R_A3" type="webcontent"
        adlcp:scormtype="asset" href="assets/being_towed_alongside.jpg">
         <metadata>
            <schema>ADL SCORM</schema>
            <schemaversion>1.2</schemaversion>
            <lom xmlns="http://www.imsglobal.org/xsd/imsmd_rootv1p2p1">
               <general>
                  <title>
                     <langstring>Underway Lights while being towed alongside</langstring>
                  </title>
                  <catalogentry>
                     <catalog>ADL Sample Courses Catalog</catalog>
                     <entry>
                        <langstring>being_towed_alongside.jpg</langstring>
                     </entry>
                  </catalogentry>
                  <language>en</language>
                  <description>
                     <langstring>Vessel being towed alongside</langstring>
                  </description>
                  <keyword>
                     <langstring>underway lights</langstring>
                  </keyword>
                  <keyword>
                     <langstring>Power-driven vessel</langstring>
                  </keyword>
                  <keyword>
                     <langstring>navigation lights</langstring>
                  </keyword>
                  <keyword>
                     <langstring>being towed</langstring>
                  </keyword>
                  <keyword>
                     <langstring>alongside</langstring>
                  </keyword>
               </general>
               <lifecycle>
                  <version>
                     <langstring>1.1</langstring>
                  </version>
                  <status>
                     <source>
                        <langstring xml:lang="x-none">LOMv1.0</langstring>
                     </source>
                     <value>
                        <langstring xml:lang="x-none">Final</langstring>
                     </value>
                  </status>
                  <contribute>
                     <role>
                        <source>
                           <langstring xml:lang="x-none">LOMv1.0</langstring>
                        </source>
                        <value>
                           <langstring xml:lang="x-none">Graphical Designer</langstring>
                        </value>
                     </role>
                     <centity>
                        <vcard>BEGIN:vCard ORG:ADL Co-Lab END:vCard</vcard>
                     </centity>
                     <date>
                        <datetime>2000-01-27</datetime>
                     </date>
                  </contribute>
               </lifecycle>
               <metametadata>
                  <metadatascheme>ADL SCORM 1.2</metadatascheme>
               </metametadata>
               <technical>
                  <format>image/jpeg</format>
                  <size>9076</size>
                  <location type="URI">assets/being_towed_alongside.jpg</location>
               </technical>
               <educational>
                  <learningresourcetype>
                     <source>
                        <langstring xml:lang="x-none">LOMv1.0</langstring>
                     </source>
                     <value>
                        <langstring xml:lang="x-none">Figure</langstring>
                     </value>
                  </learningresourcetype>
               </educational>
               <rights>
                  <cost>
                     <source>
                        <langstring xml:lang="x-none">LOMv1.0</langstring>
                     </source>
                     <value>
                        <langstring xml:lang="x-none">no</langstring>
                     </value>
                  </cost>
                  <copyrightandotherrestrictions>
                     <source>
                        <langstring xml:lang="x-none">LOMv1.0</langstring>
                     </source>
                     <value>
                        <langstring xml:lang="x-none">no</langstring>
                     </value>
                  </copyrightandotherrestrictions>
                  <description>
                     <langstring>U.S. Coast Guard, Commandant Instruction M1667202C</langstring>
                  </description>
               </rights>
            </lom>
         </metadata>
         <file href="assets/being_towed_alongside.jpg" />
      </resource>

   </resources>
</manifest>
