﻿<?xml version="1.0" encoding="utf-8"?>
<state xmlns:xsi="http://www.w3.org/2001/XMLSchema-instance" xmlns:xsd="http://www.w3.org/2001/XMLSchema" name="11/21/2011 9:34:16 AM" g="18178793-3cf2-4c49-9f6b-388fdb96aa93" context="0" flags="0" type="1" w="720" h="540" fontname="Articulate">
	<components>
		<component>C:\Program Files (x86)\Common Files\Articulate\Shared\1.0\Player.swf</component>
		<component>C:\Program Files (x86)\Common Files\Articulate\Shared\1.0\Frames\ccSmoothFrame.swf</component>
		<component>C:\Program Files (x86)\Common Files\Articulate\Shared\1.0\Windows\ccSmoothWindow.swf</component>
		<component>C:\Program Files (x86)\Common Files\Articulate\Shared\1.0\Windows\ccAudioWindow.swf</component>
		<component>C:\Program Files (x86)\Common Files\Articulate\Shared\1.0\Text\ccText.swf</component>
		<component>C:\Program Files (x86)\Common Files\Articulate\Shared\1.0\Buttons\ccSmoothWndButton.swf</component>
		<component>C:\Program Files (x86)\Common Files\Articulate\Shared\1.0\ImageObject\ccSmoothImage.swf</component>
		<component>C:\Program Files (x86)\Common Files\Articulate\Shared\1.0\Radio Buttons\ccSmoothRadio.swf</component>
		<component>C:\Users\Sam\AppData\Roaming\Articulate\Presenter\Project\62CEE38D-D871-4D67-9C34-656AB3CD157C\quizmaker_258\text.swf</component>
	</components>
</state>