<?xml version="1.0" encoding="UTF-8"?>
<lom xmlns="http://www.imsglobal.org/xsd/imsmd_rootv1p2p1"
     xmlns:xsi="http://www.w3.org/2001/XMLSchema-instance"
     xsi:schemaLocation="http://www.imsglobal.org/xsd/imsmd_rootv1p2p1 imsmd_rootv1p2p1.xsd">

  <general>
     <title>
        <langstring>Inland Rules of the Road  (HTML Implementation)</langstring>
     </title>
     <catalogentry>
        <catalog>ADL Sample Courses Catalog</catalog>
        <entry>
           <langstring>1000-01</langstring>
        </entry>
     </catalogentry>
     <language>en</language>
     <description>
        <langstring>The purpose of this lesson is to demonstrate the functionality and capability of the ADL SAMPLE LMS. The material of this lesson is of the U.S Coast Guard's Rules of the Road in compliance with U.S. Regulations. This lesson will give the student a basic understanding of the Inland Rules of Navigation. These rules have been Coast Guard approved according to the instruction listed above and U.S. Law.</langstring>
     </description>
     <keyword>
        <langstring>Inland Maritime Navigation</langstring>
     </keyword>
     <keyword>
        <langstring>Navy</langstring>
     </keyword>
     <keyword>
        <langstring>Vessel</langstring>
     </keyword>
     <keyword>
        <langstring>Coastal Waterways</langstring>
     </keyword>
     <aggregationlevel>
        <source>
           <langstring xml:lang="x-none">LOMv1.0</langstring>
        </source>
        <value>
           <langstring xml:lang="x-none">2</langstring>
        </value>
     </aggregationlevel>
  </general>

  <lifecycle>
     <version>
        <langstring>1.1</langstring>
     </version>
     <status>
        <source>
           <langstring xml:lang="x-none">LOMv1.0</langstring>
        </source>
        <value>
           <langstring xml:lang="x-none">Final</langstring>
        </value>
     </status>
     <contribute>
        <role>
           <source>
              <langstring xml:lang="x-none">LOMv1.0</langstring>
           </source>
           <value>
              <langstring xml:lang="x-none">Author</langstring>
           </value>
        </role>
        <centity>
           <vcard>BEGIN:vCard ORG:ADL Co-Lab END:vCard</vcard>
        </centity>
        <date>
           <datetime>2000-01-27</datetime>
        </date>
     </contribute>
  </lifecycle>

  <metametadata>
     <metadatascheme>ADL SCORM 1.2</metadatascheme>
  </metametadata>

  <technical>
     <format>text/html</format>
     <size>514000</size>
     <location type="URI">Course01/Lesson01/</location>
     <requirement>
        <type>
           <source>
              <langstring xml:lang="x-none">LOMv1.0</langstring>
           </source>
           <value>
              <langstring xml:lang="x-none">Browser</langstring>
           </value>
        </type>
        <name>
           <source>
              <langstring xml:lang="x-none">LOMv1.0</langstring>
           </source>
           <value>
              <langstring xml:lang="x-none">Microsoft Internet Explorer</langstring>
           </value>
        </name>
        <minimumversion>5.0</minimumversion>
     </requirement>
  </technical>

  <educational>
     <learningresourcetype>
        <source>
           <langstring xml:lang="x-none">LOMv1.0</langstring>
        </source>
        <value>
           <langstring xml:lang="x-none">Narrative Text</langstring>
        </value>
     </learningresourcetype>
     <typicallearningtime>
        <datetime>2:00:00</datetime>
     </typicallearningtime>
  </educational>

  <rights>
     <cost>
         <source>
            <langstring xml:lang="x-none">LOMv1.0</langstring>
         </source>
         <value>
            <langstring xml:lang="x-none">no</langstring>
         </value>
      </cost>
      <copyrightandotherrestrictions>
         <source>
            <langstring xml:lang="x-none">LOMv1.0</langstring>
         </source>
         <value>
            <langstring xml:lang="x-none">no</langstring>
         </value>
      </copyrightandotherrestrictions>
     <description>
         <langstring>Provided as-is; only to be used as an example.</langstring>
      </description>
  </rights>

  <classification>
     <purpose>
        <source>
           <langstring xml:lang="x-none">LOMv1.0</langstring>
        </source>
        <value>
           <langstring xml:lang="x-none">Discipline</langstring>
        </value>
     </purpose>
     <taxonpath>
        <source>
           <langstring>DDC</langstring>
        </source>
        <taxon>
           <id>623.89</id>
           <entry>
              <langstring>Navigation</langstring>
           </entry>
           <taxon>
              <id>627.92</id>
              <entry>
                  <langstring>Navigation Aids</langstring>
              </entry>
           </taxon>
        </taxon>
     </taxonpath>
     <description>
        <langstring>This SCO will give the student a basic understanding of the Inland Rules of Navigation and navigation aids.</langstring>
     </description>
     <keyword>
        <langstring>Maritime</langstring>
     </keyword>
     <keyword>
        <langstring>Navigation</langstring>
     </keyword>
     <keyword>
        <langstring>navigation aids</langstring>
     </keyword>
  </classification>

</lom>
